Test,Comparison,Model,Mean_R2,Std_R2,t_statistic,p_value,Significant
One-sample t-test,Best Stage 1 vs R²=0,RFE_RF_XGB_Top20,0.7209647788079587,0.08777001550464363,25.975736710129933,4.4790559475196144e-10,True
One-sample t-test,Best Stage 2 vs R²=0,TopKAverage_TopK30,0.7736600087291536,0.05722537638548811,42.752497522939755,5.229501466856574e-12,True
Paired t-test,Stage 2 vs Stage 1,TopKAverage_TopK30 vs RFE_RF_XGB_Top20,0.05269522992119487,0.12244392342221831,1.3609246071168726,0.20663724838711947,False
