,CV_MAE,CV_MSE,CV_R2,Test_MAE,Test_MSE,Test_R2
LR_Baseline,61.09123444638813,6709.000823860833,0.6636844574650318,55.81967347132229,5696.414458855369,0.7305781907607438
RF_Baseline,52.5550499800094,4973.275152848743,0.7482738613600345,53.4006462920635,5391.713056301866,0.7449895724722844
XGB_Baseline,55.927515240796254,5519.876277229821,0.7191128343346345,50.59742605806381,5142.370378614425,0.7567826672037745
