,CV_MAE,CV_MSE,CV_R2,Test_MAE,Test_MSE,Test_R2
LR_Baseline,72.54175509785105,8278.275497590806,0.5518463117495103,64.22798816206407,6500.292708265614,0.6504900815470078
RF_Baseline,55.22544403862746,5279.613519624442,0.7162735109496217,61.52212701785716,6803.099997989602,0.6342086376354396
XGB_Baseline,56.89558046232146,5562.16826376521,0.6987019874951095,61.942209724153784,6341.702659191794,0.6590172044946814
