Base_Model,Weight
RFE_RF_RF_Top32,2.1743854349309157
XGB_RF_Top27,1.6771928497196793
RFE_RF_RF_Top15,0.3349405305149529
RF_RF_Top30,0.27977288005160195
RF_RF_Top25,-0.9557005601424902
RF_XGB_RF_Top30,-2.561591659683638
