Test,Comparison,Model,Mean_R2,Std_R2,t_statistic,p_value,Significant
One-sample t-test,Best Stage 1 vs R²=0,XGB_XGB_Top10,0.6348687582935633,0.19095016231920856,10.513901989433485,1.1771335010212315e-06,True
One-sample t-test,Best Stage 2 vs R²=0,FS_MetaModel_TopK10,0.6905585542979449,0.1705061522720215,12.807384720116609,2.2067804600866673e-07,True
Paired t-test,Stage 2 vs Stage 1,FS_MetaModel_TopK10 vs XGB_XGB_Top10,0.05568979600438158,0.21092632121579752,0.8349199701056583,0.42537011832254956,False
