,CV_MAE,CV_MSE,CV_R2,Test_MAE,Test_MSE,Test_R2
LR_Baseline,71.4698328544087,8034.453674515618,0.5745976232667068,64.22798816206407,6500.292708265614,0.6504900815470078
RF_Baseline,57.27583732534931,5465.933269272416,0.710593763059534,61.52212701785716,6803.099997989602,0.6342086376354396
XGB_Baseline,59.63181949069169,6014.209871172821,0.6815640145533609,61.942209724153784,6341.702659191794,0.6590172044946814
