,CV_MAE,CV_MSE,CV_R2,Test_MAE,Test_MSE,Test_R2
LR_Baseline,71.37305313121361,8125.363323932988,0.593235382312708,72.40674206142612,7376.287658122696,0.6511256720038687
RF_Baseline,53.269523090661025,4992.14603362776,0.747227756604299,52.13372608412696,5141.452436720235,0.7568260828589548
XGB_Baseline,59.05641482342634,5956.002655307408,0.6965184232056896,56.63883671146453,5829.127490425456,0.7243012975793401
