,CV_MAE,CV_MSE,CV_R2,Test_MAE,Test_MSE,Test_R2
LR_Baseline,71.58661872190902,9840.474542511465,0.6011145845655093,73.80962619095061,7806.714204630333,0.7804479699011996
RF_Baseline,61.12655857482997,7320.5385423242315,0.6863378597875607,72.237166998016,8602.37818246796,0.758071123889964
XGB_Baseline,61.38080682324356,7528.189349307909,0.6920992310446453,75.01883824145312,9474.37104588087,0.7335476434120418
