Model,MAE,MSE,R2-Score
Random Forest,60.373506930693054,6106.6743707573005,0.5873884137814689
Gradient Boosting,60.98358317442048,6234.592799659578,0.5787453090977315
