Test,Comparison,Model,Mean_CV_R2,Std_CV_R2,Test_R2,t_statistic,p_value,Significant
One-sample t-test (CV),Best Stage 1 CV R² vs 0,RF_XGB_RF_Top70,0.6789335241917103,0.2046918630625491,0.8697939609150837,10.488821021843778,1.2009361185989346e-06,True
One-sample t-test (CV),Best Stage 2 CV R² vs 0,TopKAverage_TopK10,0.7098935940882211,0.15865105606659252,0.8552459504698088,14.149799625282986,9.352848990956837e-08,True
Paired t-test (CV),Stage 2 vs Stage 1,TopKAverage_TopK10 vs RF_XGB_RF_Top70,0.030960069896510733,0.1515453317166259,-0.014548010445274873,0.6460399425173876,0.5343775310462737,False
