Test,Comparison,Model,Mean_R2,Std_R2,t_statistic,p_value,Significant
One-sample t-test,Best Stage 1 vs R²=0,RFE_RF_RF_Top5,0.7324835175331961,0.07757521457242579,29.858973342242187,1.2951523098190972e-10,True
One-sample t-test,Best Stage 2 vs R²=0,TopKAverage_TopK50,0.7507836645212977,0.06744617346750656,35.20120249785348,2.978277146167233e-11,True
Paired t-test,Stage 2 vs Stage 1,TopKAverage_TopK50 vs RFE_RF_RF_Top5,0.018300146988101694,0.12381402699674925,0.46739571760953247,0.6513265608870102,False
