,CV_MAE,CV_MSE,CV_R2,Test_MAE,Test_MSE,Test_R2
LR_Baseline,75.93732764547065,10753.079474632425,0.5111927338932271,73.80962619095061,7806.714204630337,0.7804479699011995
RF_Baseline,61.16139095104804,7183.6710496405185,0.6928110958127843,70.02529799314797,8485.746119053501,0.761351224278687
XGB_Baseline,61.38080682324356,7528.189349307909,0.6920992310446453,75.01883824145312,9474.37104588087,0.7335476434120418
