,CV_MAE,CV_MSE,CV_R2,Test_MAE,Test_MSE,Test_R2
LR_Baseline,195.4707166954811,89729.14906013834,-2.649726839393005,255.5566836482555,102201.66919888968,-1.8742673759971202
RF_Baseline,61.97949846542788,7305.101160858156,0.6843017945084144,63.33874635944394,5609.380713246772,0.8422446510902211
XGB_Baseline,66.98042107995879,8899.486993856302,0.6500228340997826,78.09843082727345,9772.031113414134,0.7251764041949698
