FS_Method,Model,CV_R2,CV_MSE,CV_MAE,test_r2,test_mse,test_mae,Features_Used
RF,RF,0.6960713535281542,5367.289500867816,57.23578515956863,0.6203362846502881,7061.102275449992,60.21800001785716,7
RF,XGB,0.6706993240651833,5818.792023730467,57.664210214604,0.6380228811248991,6732.161527196481,63.58944273757935,20
RFE_RF,RF,0.6937549567350357,5441.709798455742,57.18068582168627,0.633967099631151,6807.592195907747,61.41123046428572,25
RFE_RF,XGB,0.6498023706112928,6194.388298453877,60.12241449587564,0.6500166755528649,6509.097258206277,63.861541819708684,25
XGB,RF,0.7003005023632808,5347.131571570704,56.2897491732157,0.6455459189486871,6592.245761353768,61.65460517857145,8
XGB,XGB,0.6754957708766172,5793.0456731672275,57.8708879690048,0.6046213436015665,7353.373571102988,64.06960279682703,16
RF_XGB,RF,0.6991842153108285,5333.911764828963,56.48426101662746,0.6256190942349026,6962.850961799092,62.15473458928573,10
RF_XGB,XGB,0.6743289697771372,5778.525635046353,57.69896453427863,0.6025857014436204,7391.233068580209,65.92823619710548,13
