FS_Method,Model,CV_R2,CV_MSE,CV_MAE,test_r2,test_mse,test_mae,Features_Used
RF,RF,0.6960713535281542,5367.289500867816,57.23578515956863,0.6203362846502881,7061.102275449992,60.21800001785716,7
RF,XGB,0.6702957827957232,5872.281187659978,58.5007400157405,0.5826264722148078,7762.440938139146,63.41176127665384,7
RFE_RF,RF,0.6937549567350357,5441.709798455742,57.18068582168627,0.633967099631151,6807.592195907747,61.41123046428572,25
RFE_RF,XGB,0.6498023706112928,6194.388298453877,60.12241449587564,0.6500166755528649,6509.097258206277,63.861541819708684,25
XGB,RF,0.7021342350546678,5298.991490808818,56.5972506697255,0.6298039359181213,6885.01999208276,61.486767946428586,8
XGB,XGB,0.6616558766491133,5974.741869633097,59.31353998059378,0.6526533437441675,6460.059694139707,61.02020174639565,22
RF_XGB,RF,0.6994662338530955,5353.793696041522,56.54584506854902,0.6468119284344307,6568.700128471016,59.414927196428586,7
RF_XGB,XGB,0.6790469109906121,5682.974977012767,58.00334177464744,0.6157515040470498,7146.37143191954,64.99365438406808,14
