Model,Test R2,Test MAE,Test MSE
Random Forest,0.3815075428915553,75.53640760253911,13418.927242603231
Gradient Boosting,0.2492066046477266,84.22134684417061,16289.352975395632
Linear Regression,0.5403611460795268,68.93359941289948,9972.409958672964
