Model,Test R2,Test MAE,Test MSE
Random Forest,0.5747057806870739,69.29339099999997,7644.427532299422
Gradient Boosting,0.5559987259871032,69.9320250232631,7980.676457167752
Linear Regression,0.6639380019024101,57.46295136132393,6040.5278843598235
