Model,CV R2 Mean,CV MAE Mean,CV MSE Mean,Validation R2,Validation MAE,Validation MSE
Random Forest,0.640560704218452,64.33467223250001,6784.187537396856,0.6131736816920403,58.286993267326714,5725.050974924687
Gradient Boosting,0.6426427576189295,64.01350871909389,6771.319796340051,0.6469766052799862,56.47546786913999,5224.765830188472
Linear Regression,0.6948758745748024,58.69132767009753,5829.337626287837,0.6819925298948393,52.495836895933515,4706.528202947822
