Model,CV R2 Mean,CV MAE Mean,CV MSE Mean,Validation R2,Validation MAE,Validation MSE
Random Forest,0.6439063513676294,63.660249247500005,6718.611413811054,0.5873884137814689,60.373506930693054,6106.6743707573005
Gradient Boosting,0.6470966958266405,63.32083985462341,6686.515191142668,0.5787453090977315,60.98358317442048,6234.592799659578
